Sr No.,Emotion
38,your_prediction
61,your_prediction
133,your_prediction
137,your_prediction
141,your_prediction
159,your_prediction
185,your_prediction
226,your_prediction
273,your_prediction
278,your_prediction
333,your_prediction
346,your_prediction
352,your_prediction
407,your_prediction
416,your_prediction
418,your_prediction
435,your_prediction
446,your_prediction
466,your_prediction
467,your_prediction
494,your_prediction
522,your_prediction
561,your_prediction
575,your_prediction
614,your_prediction
657,your_prediction
691,your_prediction
696,your_prediction
733,your_prediction
782,your_prediction
801,your_prediction
831,your_prediction
839,your_prediction
869,your_prediction
958,your_prediction
1037,your_prediction
1049,your_prediction
1108,your_prediction
1165,your_prediction
1227,your_prediction
1237,your_prediction
1274,your_prediction
1305,your_prediction
1339,your_prediction
1407,your_prediction
1418,your_prediction
1426,your_prediction
1470,your_prediction
1492,your_prediction
1497,your_prediction
1504,your_prediction
1519,your_prediction
1548,your_prediction
1559,your_prediction
1591,your_prediction
1594,your_prediction
1601,your_prediction
1605,your_prediction
1638,your_prediction
1645,your_prediction
1663,your_prediction
1665,your_prediction
1684,your_prediction
1687,your_prediction
1718,your_prediction
1727,your_prediction
1743,your_prediction
1754,your_prediction
1813,your_prediction
1867,your_prediction
1880,your_prediction
1937,your_prediction
1978,your_prediction
1981,your_prediction
1993,your_prediction
1996,your_prediction
2045,your_prediction
2073,your_prediction
2130,your_prediction
2134,your_prediction
2191,your_prediction
2211,your_prediction
2276,your_prediction
2300,your_prediction
2319,your_prediction
2347,your_prediction
2386,your_prediction
2393,your_prediction
2424,your_prediction
2503,your_prediction
2506,your_prediction
2516,your_prediction
2522,your_prediction
2602,your_prediction
2603,your_prediction
2677,your_prediction
2683,your_prediction
2730,your_prediction
2734,your_prediction
2745,your_prediction
